{
    "acc": 0.7243589743589743,
    "balanced_acc": 0.706140350877193,
    "auroc": 0.7809106098579782
}