{
    "acc": 0.6217948717948718,
    "balanced_acc": 0.6510025062656641,
    "auroc": 0.7172096908939015,
    "best_threshold": 0.6331658291457286
}