{
    "acc": 0.6858974358974359,
    "balanced_acc": 0.649749373433584,
    "auroc": 0.7257727652464495,
    "best_threshold": 0.5226130653266332
}