{
    "acc": 0.6794871794871795,
    "balanced_acc": 0.6528822055137844,
    "auroc": 0.7894736842105262,
    "best_threshold": 0.4120603015075377
}