{
    "acc": 0.6410256410256411,
    "balanced_acc": 0.6040100250626567,
    "auroc": 0.6915204678362573
}